<?xml version="1.0" encoding="UTF-8"?>
<project-private xmlns="http://www.netbeans.org/ns/project-private/1">
    <editor-bookmarks xmlns="http://www.netbeans.org/ns/editor-bookmarks/2" lastBookmarkId="0"/>
    <open-files xmlns="http://www.netbeans.org/ns/projectui-open-files/2">
        <group>
            <file>file:/D:/ukkperpus_elsa/ukkperpus_elsa/src/ukkperpus_elsa/koneksi.java</file>
            <file>file:/D:/ukkperpus_elsa/ukkperpus_elsa/src/ukkperpus_elsa/datauser.java</file>
            <file>file:/D:/ukkperpus_elsa/ukkperpus_elsa/src/ukkperpus_elsa/halaman_utama.java</file>
            <file>file:/D:/ukkperpus_elsa/ukkperpus_elsa/src/ukkperpus_elsa/peminjaman.java</file>
            <file>file:/D:/ukkperpus_elsa/ukkperpus_elsa/src/ukkperpus_elsa/login.java</file>
            <file>file:/D:/ukkperpus_elsa/ukkperpus_elsa/src/ukkperpus_elsa/buku.java</file>
        </group>
    </open-files>
</project-private>
